name,phone,project,income,tier
"Wong Hariz","+60165108603","Subang Parksuites",5643,"Hot"
"Azman Aini","+60181533224","SkyResidence Subang",5267,"Warm"
"Farhan Hariz","+60158038374","Subang Parksuites",8179,"Hot"
"Sarah Hariz","+60148090293","Shah Alam Vista",6776,"Warm"
"Mohd Subramaniam","+60132556017","Damansara Heights Residence",5292,"New"
"Siti Lee","+60128707870","Mont Kiara Pavilion",5522,"New"
"Nurul Chen","+60174226067","Bangsar South Suites",5069,"Hot"
"Farhan Chen","+60134905582","SkyResidence Subang",7613,"New"
"Syed Zulkifli","+60147210606","Shah Alam Vista",6216,"New"
"Nurul Razif","+60153741438","Damansara Heights Residence",7608,"New"
"Azman Hassan","+60171938483","Subang Parksuites",11232,"Hot"
"Jason Nordin","+60162110460","Subang Parksuites",11980,"Hot"
"Jason Ibrahim","+60197637601","Bangsar South Suites",8258,"Warm"
"Sarah Faizal","+60155408072","Bangsar South Suites",9288,"New"
"Hafiz Nordin","+60174679591","Subang Parksuites",8674,"New"
"Nurul Kumar","+60133564251","Bangsar South Suites",5810,"New"
"Grace Aini","+60187402509","Mont Kiara Pavilion",8334,"Hot"
"Sarah Hariz","+60135476583","Bangsar South Suites",7286,"Hot"
"Kevin Goh","+60148612220","SkyResidence Subang",10415,"New"
"Devi Razif","+60136007072","Bangsar South Suites",8658,"Hot"
"Mohd Faizal","+60173710343","Mont Kiara Pavilion",10878,"Hot"
"Muhammad Subramaniam","+60191326765","SkyResidence Subang",7473,"New"
"Farhan Kumar","+60152321324","SkyResidence Subang",10495,"New"
"Nurul Faizal","+60148973915","Mont Kiara Pavilion",5852,"New"
"Devi Goh","+60154374754","Bangsar South Suites",7053,"New"
"Siti Rosli","+60193030113","Subang Parksuites",6340,"Hot"
"Jason Hariz","+60154694634","SkyResidence Subang",5081,"Hot"
"Farhan Aini","+60126543670","SkyResidence Subang",8711,"Warm"
"Sarah Osman","+60153219824","Bangsar South Suites",11728,"Hot"
"Hafiz Osman","+60158935169","Damansara Heights Residence",6059,"Hot"
"Wong Goh","+60178106470","Damansara Heights Residence",8325,"Hot"
"Wong Kumar","+60186692553","SkyResidence Subang",6536,"Warm"
"Mohd Rosli","+60148077999","Subang Parksuites",6781,"New"
"Farhan Aini","+60192642635","SkyResidence Subang",9842,"Hot"
"Muhammad Aini","+60153790237","Damansara Heights Residence",8478,"New"
"Mohd Nordin","+60123762152","Damansara Heights Residence",4517,"New"
"Sarah Rosli","+60168096887","Bangsar South Suites",10484,"Hot"
"Chong Faizal","+60155977931","Subang Parksuites",4979,"Hot"
"Azman Kumar","+60171959074","SkyResidence Subang",9285,"New"
"Devi Razif","+60129519948","SkyResidence Subang",11474,"Warm"
"Nurul Aini","+60157774229","SkyResidence Subang",11793,"Hot"
"Farhan Kumar","+60138033426","Bangsar South Suites",9281,"Hot"
"Devi Subramaniam","+60164426900","Bangsar South Suites",10367,"New"
"Farhan Lee","+60183195773","Bangsar South Suites",9787,"New"
"Syed Subramaniam","+60131156287","Damansara Heights Residence",9588,"Hot"
"Wong Aini","+60159487336","Shah Alam Vista",5585,"New"
"Nurul Hassan","+60175781295","Subang Parksuites",8089,"Hot"
"Kevin Hariz","+60162737893","Subang Parksuites",6666,"Hot"
"Wong Faizal","+60165727085","Mont Kiara Pavilion",6225,"New"
"Mohd Lee","+60195213115","SkyResidence Subang",5256,"New"
"Sarah Kumar","+60126596150","Subang Parksuites",9719,"New"
"Santhi Rosli","+60181162230","SkyResidence Subang",5116,"Warm"
"Azman Kumar","+60173484601","Damansara Heights Residence",5544,"Hot"
"Kevin Zulkifli","+60127003042","Subang Parksuites",10087,"Warm"
"Wong Zulkifli","+60183592974","Subang Parksuites",11582,"Warm"
"Santhi Goh","+60124009172","Bangsar South Suites",7221,"New"
"Farhan Lee","+60142813543","Damansara Heights Residence",11644,"Hot"
"Chong Hassan","+60158722606","Shah Alam Vista",7000,"Warm"
"Farhan Hariz","+60157685149","Shah Alam Vista",6782,"Hot"
"Sarah Zulkifli","+60189996207","Shah Alam Vista",4726,"Hot"
"Sarah Razif","+60161641849","SkyResidence Subang",9387,"New"
"Siti Subramaniam","+60189580255","SkyResidence Subang",7655,"Hot"
"Mohd Lee","+60128315831","SkyResidence Subang",8759,"Hot"
"Mohd Zulkifli","+60182173965","Bangsar South Suites",7204,"Hot"
"Jason Wei Lun","+60169508103","Shah Alam Vista",9963,"New"
"Jason Nordin","+60163135534","Subang Parksuites",7944,"New"
"Santhi Chen","+60181006810","Shah Alam Vista",6850,"Warm"
"Amir Subramaniam","+60198411939","Damansara Heights Residence",10034,"Warm"
"Devi Osman","+60142422633","Shah Alam Vista",8722,"Hot"
"Jason Aini","+60156207974","Subang Parksuites",11107,"Warm"
"Tan Hariz","+60125107776","Damansara Heights Residence",9507,"Hot"
"Syed Goh","+60157442089","Damansara Heights Residence",7773,"Warm"
"Tan Hariz","+60138132769","Subang Parksuites",5940,"Hot"
"Syed Kumar","+60153036059","Damansara Heights Residence",5592,"New"
"Devi Subramaniam","+60199468772","Damansara Heights Residence",11304,"Hot"
"Syed Razif","+60198550917","Shah Alam Vista",10658,"Warm"
"Sarah Osman","+60155606980","Damansara Heights Residence",5134,"New"
"Farhan Lee","+60176363836","Mont Kiara Pavilion",5160,"Warm"
"Tan Hassan","+60183563646","Bangsar South Suites",6252,"Hot"
"Amir Goh","+60178816912","Damansara Heights Residence",5010,"Warm"
"Amir Nordin","+60127381734","Damansara Heights Residence",4548,"New"
"Kevin Nordin","+60184700025","Damansara Heights Residence",6297,"New"
"Amir Osman","+60127523941","Shah Alam Vista",9979,"New"
"Santhi Rosli","+60149961107","SkyResidence Subang",11929,"New"
"Hafiz Hariz","+60138190929","Subang Parksuites",11601,"New"
"Santhi Kumar","+60167360307","Shah Alam Vista",6233,"New"
"Jason Subramaniam","+60185668371","Damansara Heights Residence",6566,"Hot"
"Chong Hariz","+60126871360","Subang Parksuites",9825,"Hot"
"Ahmad Hariz","+60154344717","SkyResidence Subang",9589,"Warm"
"Farhan Faizal","+60192919136","Mont Kiara Pavilion",6285,"New"
"Sarah Zulkifli","+60142921542","Subang Parksuites",7048,"Hot"
"Hafiz Hariz","+60167296605","Damansara Heights Residence",10357,"Warm"
"Nurul Hassan","+60136059717","Bangsar South Suites",9418,"Hot"
"Hafiz Kumar","+60179937982","Damansara Heights Residence",9919,"New"
"Nurul Subramaniam","+60128047416","Damansara Heights Residence",5364,"New"
"Siti Rosli","+60148306261","Subang Parksuites",10511,"Hot"
"Sarah Osman","+60198307727","Bangsar South Suites",9353,"New"
"Jason Hassan","+60135679639","Damansara Heights Residence",6497,"New"
"Hafiz Nordin","+60171481506","Damansara Heights Residence",11471,"New"
"Santhi Osman","+60156952975","Shah Alam Vista",7288,"New"